{
    "transform": [
        [
            0.9874544739723206,
            -0.15784263610839844,
            -0.004394820891320705,
            -0.0848015546798706
        ],
        [
            -0.004394820891320705,
            -0.05529393255710602,
            0.9984604716300964,
            -0.14111323654651642
        ],
        [
            -0.15784263610839844,
            -0.985914945602417,
            -0.05529393255710602,
            0.05299058556556702
        ]
    ],
    "scale": 0.15516239745744478
}